 ,H1,V,P1,Pl,PKa,NCI
A,0.806,0.189,0.395,0.404,0.515,0.159
C,0.721,0.307,0.074,0.288,0.139,0.0
D,0.417,0.275,1.0,0.0,0.059,0.046
E,0.458,0.426,0.913,0.056,0.366,0.157
F,0.951,0.794,0.037,0.339,0.01,0.269
G,0.77,0.0,0.506,0.4,0.515,0.781
H,0.545,0.543,0.679,0.603,0.0,0.094
I,1.0,0.643,0.037,0.407,0.535,0.211
K,0.264,0.687,0.79,0.872,0.356,0.197
L,0.918,0.643,0.0,0.402,0.535,0.32
M,0.811,0.647,0.099,0.372,0.455,0.142
N,0.448,0.403,0.827,0.33,0.198,0.152
P,0.678,0.288,0.383,0.442,0.168,1.0
Q,0.43,0.555,0.691,0.36,0.346,0.311
R,0.0,0.722,0.691,1.0,0.346,0.291
S,0.601,0.201,0.531,0.364,0.386,0.149
T,0.634,0.353,0.457,0.354,0.267,0.145
V,0.923,0.491,0.124,0.399,0.495,0.339
W,0.854,1.0,0.062,0.39,1.0,0.27
Y,0.714,0.806,0.16,0.362,0.376,0.218
