,H1,V,P1,Pl,PKa,NCI
A,0.62,-1.239,-0.084,-0.014,0.7,-0.441
C,0.29,-0.768,-1.05,-0.539,-0.932,-1.115
D,-0.9,-0.895,1.738,-1.839,-1.276,-0.918
E,-0.74,-0.29,1.477,-1.585,0.056,-0.447
F,1.19,1.181,-1.161,-0.308,-1.49,0.026
G,0.48,-1.995,0.251,-0.031,0.7,2.202
H,-0.4,0.178,0.771,0.885,-1.533,-0.716
I,1.38,0.576,-1.161,-0.003,0.786,-0.219
K,-1.5,0.755,1.106,2.1,0.013,-0.279
L,1.06,0.576,-1.273,-0.025,0.786,0.243
M,0.64,0.593,-0.976,-0.161,0.442,-0.51
N,-0.78,-0.381,1.217,-0.347,-0.674,-0.469
P,0.12,-0.843,-0.121,0.156,-0.803,3.132
Q,-0.85,0.224,0.808,-0.212,-0.03,0.205
R,-2.531,0.892,0.808,2.676,-0.03,0.119
S,-0.18,-1.189,0.325,-0.195,0.142,-0.481
T,-0.05,-0.584,0.102,-0.24,-0.374,-0.5
V,1.08,-0.029,-0.901,-0.036,0.614,0.325
W,0.81,2.006,-1.087,-0.076,2.805,0.032
Y,0.26,1.231,-0.79,-0.206,0.099,-0.189
